darkxitando,c5fc0ddf-9f90-3229-b790-7e26534796a9
darkzs,0ab9868a-3769-3628-a5f0-3c344b7a976a
divulgazwe343,a225431d-a154-3e6b-958b-ac033461154d
drharrys,ee765228-0d0d-37b3-acd4-8f9a22859773
flamingsaber,33c29579-fb84-3cd2-a16b-1490c07df8d9
guciato,bd54cdba-c306-367c-a7ac-f12a8cdf59ee
guiciato,9b6db27b-3935-3824-8861-cd7dda8019f0
hasktest,5385c307-fdfe-3c10-9de4-5c81569661ee
helloitsme,604c86d6-bc85-31d4-bf12-4bb70f014cfc
horisoul987,dcc06a77-60cd-30dd-a85c-f53b77e22fe6
joaoninguem,ab4d1d76-08db-3348-9648-63b947e452aa
joaoninguem2_,1b1fbb16-9964-373a-9162-a36fd8b836bf
joaoninguem_,e09aa465-6971-36b4-af7c-51320ff7771a
kirogaya,5972348e-1f49-3566-b90c-04f778eb147c
kristianlima,d81aab09-268c-3d5a-882f-dc1e9ed05d37
linomg,1cb8705f-c9f3-3bd4-aef1-418c2fadb26d
oneforall,8a51f381-f51f-32d1-b511-1c811e3bf6c8
otaldolobo,2a32bd25-6abc-3496-ab84-cf5fcfd716e7
sefduarte,953a906d-825d-398d-9661-2af83853de5a
sytemowner,05746348-3053-3264-a200-dfc9d22cf269
ymatthewsz,a807fd88-76cc-3d18-89e5-b81952e2065f
zmaninho,3eddd780-802b-3539-88ff-ba11cb1b659b
